à,with
à,at
à,to
à,in
à,on
à,by
à cause de,because of
à ce moment-là,at that time
a commercial (@) (n. m.),the at-sign (@)
à condition de,provided that
à condition de,on condition that
à condition que,provided that
à condition que,on condition that
à côté de,beside
à destination de,bound for
à destination de,to
à droite,on the right
à force de,through
à gauche,on the left
à l’,at the
à l’aide de,with the help of
à l’appareil (tél.),speaking
à l’attention de,for the attention of
à l’avance,ahead
à l’avance,in advance
à l’avenir,from now on
à l’heure,on time
à l’heure actuelle,at the present time
à l’intention de,for
à l’intérieur de,within
à l’occasion,occasionally
à l’exception de,except for
à l’exclusion de,with the exclusion of
à la,at the
à la demande de,at someone’s request
à la disposition de,at someone’s disposal
à la fin,in the end
à moins de,unless
à moins que,unless
à mon avis,in my view
à mon avis,to my mind
à mon avis,to my way of thinking
à mon avis,in my opinion
à part,apart from
à peu près,about
à plus tard – remettre à plus tard,to postpone
à propos,by the way
à quel,at which
à quelle,at which
à temps,in time
à tout moment,constantly
à tout moment,all the time
abîmé (adj. m.),damaged
abîmée (adj. f.),damaged
abord – d'abord,first
aborder,to approach
absent – être absent,to be absent
absent – être absent,to be away
absente – être absente,to be absent
absente – être absente,to be away
absenter – s'absenter,to go out
absenter – s'absenter,to be absent
absolu (adj. m.),absolute
absolue (adj. f.),absolute
absolument,absolutely
abstenir – s'abstenir (de),to refrain
accent (n. m.),accent
accent aigu,acute accent
accent circonflexe,circumflex accent
accent grave,grave accent
accentuation (n. f.),stress
acceptable (adj. m./f.),acceptable
acceptation (n. f.),acceptance
accepter,to accept
accompagner,to accompany
accomplir,to accomplish
accord – d'accord,OK
accorder (à),to grant
accueil (n. m.),welcome
accueil - page d'accueil,home page
accueillir,to welcome
achever,to complete
achever,to finish
acquérir,to acquire
acquis,acquired
acquise,acquired
acquisition (n. f.),acquisition
action (n. f.),action
active – forme active,active voice
activité (n. f.),activity
actuellement,currently
additionner,to add
adéquat (adj. m.),adequate
adéquate (adj. f.),adequate
adjectif (n. m.),adjective
adjectif démonstratif,demonstrative adjective
adjectif possessif,possessive adjective
adjectif qualificatif,qualifying adjective
administratif (adj. m.),administrative
administrative (adj. f.),administrative
administrative – unité administrative,administrative unit
adresse (n. f.),address
adresser (à),to address
affaire – faire l'affaire,to suit
affecter,to assign
affirmatif (adj. m.),assertive
affirmative (adj. f.),assertive
affirmer,to assert
afin de,in order to
afin que,in order that
âgé (adj. m.),elderly
âgée (adj. f.),elderly
agent (n. m.),officer
agente (n. f.),officer
agir – il s'agit (de),it is a matter of
agir – il s'agit (de),it’s about
agrandir,to enlarge
aide – à l'aide de,with the help of
aigu (adj. m.),acute
aigu – accent aigu,acute accent
ailleurs,somewhere else
ailleurs – d'ailleurs,besides
ailleurs – par ailleurs,furthermore
ailleurs – par ailleurs,moreover
aimé,loved
aimé (bien),liked
aimée,loved
aimée (bien),liked
aimer,to love
aimer (conditionnel),would like
aimer (bien),to like
aimer mieux,to prefer
aimer mieux,to like better
aimer moins,not to be keen on
ainsi,so
ainsi,thus
ainsi que,as well as
air – avoir l'air de,to look like
ajustement (n. m.),adjustment
alinéa (loi) (n. m.),paragraph
aller - pour aller à,to get to
aller – s'en aller,to go
aller – s'en aller,to leave
aller (à),to go
aller (à),to pass
aller à l’encontre (de),to go against
aller chercher,to go and look for
aller chercher,to go and get
allouer (à),to allocate (to)
alors,then
alors,so
alors que,whereas
alors que,while
ambitieuse (adj. f.),ambitious
ambitieux (adj. m.),ambitious
amélioré,improved
améliorée,improved
amélorer,to improve
amendement (n. m.),amendment
amener,to bring
amener,to take
amusant (adj. m.),amusing
amusante (adj. f.),amusing
analyse (n. f.),analysis
analyser,to analyse
analyste (n. m./f.),analyst
analytique (adj. m./f.),analytical
anglais (n. m.),English
année (n. f.),year
annexe (n. f.),appendix
annexé – ci-annexé,attached
annexe – document en annexe,document annexed
annexée – ci-annexée,attached
annoncer,to announce
annuel (adj. m.),annual
annuelle (adj. f.),annual
annulation (n. f.),cancellation
annuler,to cancel
antérieur – futur antérieur,future perfect
antérieurement,previously
antériorité (n. f.),anteriority
antipathique (adj. m./f.),unpleasant
août (n. m.),August
apostrophe (n. f.),apostrophe
appareil – à l'appareil (tél.),speaking
appartement (n. m.),apartment
appartenance (n. f.),belonging
appartenir à,to belong to
appeler,to call
appeler – s'appeler,to be called
appellation (n. f.),name
appendice (n. m.),appendix
application (n. f.),application
application - mettre en application,to apply
appliquer – s'appliquer (à),to apply to
apporter (à),to bring
apprendre,to learn
approbation (n. f.),approval
approprié (adj. m.),appropriate
appropriée (adj. f.),appropriate
approuvé,approved
approuvée,approved
approuver,to approve
approximativement,approximately
appuyer,to press
après – d’après,according to
après (ça),after (that)
après que,after
après-demain,the day after tomorrow
après-midi (n. m./f.),afternoon
apte – être apte (à),to be capable of
aptitude (n. f.),aptitude
aptitude – avoir de l'aptitude,to have the ability
aptitude – avoir de l'aptitude,to have the aptitude
arobas (@) (n. m.),the at-sign (@)
arrêté (n. m.),order
arrêter,to stop
arriver,to happen
arriver,to come to
arriver (de),to arrive from
arriver à,to succeed in
arriver pile,to arrive right on time
arriver pile,to arrive on the dot
article (grammaire) (n. m.),article
article (loi) (n. m.),section
article (publication) (n. m.),article
article défini,definite article
article indéfini,indefinite article
ascenseur (n. m.),elevator
aspect (n. m.),aspect
assez,enough
assez … pour (que),enough … to (that)
assez de,enough
assimilation (n. f.),assimilation
association (n. f.),association
atteindre,to reach
atteint,reached
atteinte,reached
attendre,to wait
attendre – s'attendre à (ce que),to expect (that)
attendu,waited
attendu,expected
attendue,waited
attendue,expected
attente (n. f.),wait
attente – salle d'attente,waiting room
attention – à l'attention de,for the attention of
atténué,toned down
atténuée,toned down
atténuer,to tone down
atterrir,to land
attitude (n. f.),attitude
au,at
au bout (de),at the end (of)
au complet,in full force
au cours de,during
au cours de,in the course of
au début,from the beginning
au fait,by the way
au fond (de),at the bottom (of)
au milieu (de),in the middle (of)
au moins,at least
au moment où,when
au moyen de,by means of
au plus,at most
au plus tard,by … at the latest
au sein de,within
au total,in all
au-dessus (de),above
augmenter,to increase
aujourd’hui,today
auquel,to which
aussi,also
aussi,too
aussi … que,as . . . as
aussitôt que,as soon as
aussitôt que possible,as soon as possible
autant,"much, much as"
auteur (n. m.),author
auteure (n. f.),author
automne (n. m.),autumn
automne (n. m.),fall
autonome (adj. m./f.),independent
autorisation (n. f.),authorization
autorisé (adj. m.),permitted
autorisé (adj. m.),authorized
autorisée (adj. f.),authorized
autorisée (adj. f.),permitted
autoriser (à),to give permission for
autoriser (à),to authorize
autoritaire (adj. m./f.),domineering
autour (de),around
autour – tourner autour de,is around
autre,other
autre – d'autres,other
autrefois,in the past
aux,at
aux soins de,care of
auxquelles,to which
auxquels,to which
avance - à l'avance,ahead
avance - à l'avance,in advance
avance - en avance,early
avance - prendre de l'avance,to get ahead
avance - prendre de l'avance,to get a head start
avancement – état d'avancement,progress
avancer,to move forward
avancer,to make earlier
avant,before
avant - mettre de l'avant,to promote
avant de,before
avant de finir,before finishing
avant l’heure,early
avant que (+ subj.),before
avant-hier,the day before yesterday
avant-midi (n. m./f.),morning
avec,with
avenir – à l'avenir,rom now on
avenir – dans l'avenir,in the future
averse (n. f.),shower
averti – être averti (de),to be warned of
averti – être averti (de),to be informed of
averti – être averti que,to be warned that
averti – être averti que,to be informed that
avertie – être avertie (de),to be warned of
avertie – être avertie (de),to be informed of
avertie – être avertie que,to be warned that
avertie – être avertie que,to be informed that
avertir (de),to warn
avertir (de),to inform
avis – à mon avis,in my opinion
avis – à mon avis,in my view
avis – à mon avis,to my mind
avis – à mon avis,to my way of thinking
avoir,to get
avoir,to have
avoir – y avoir moyen de,to be a way of
avoir – y avoir moyen que,to be a way that
avoir à,to have to
avoir besoin de,to need
avoir besoin que,to need
avoir de l’aptitude,to have the ability
avoir de l’aptitude,to have the aptitude
avoir droit à (+ nom),to be entitled to
avoir du talent,to have talent
avoir l’air (de),to look like
avoir l’impression de,to have the impression of
avoir l’impression que,to have the impression that
avoir l’intention de,to have the intention of
avoir l’intention de,to plan to
avoir l’intention de,to intend to
avoir la capacité,to have the ability
avoir la compétence,to have the competence
avoir la responsabilité de,to be responsible for
avoir le choix,to have a/the choice
avoir le droit de (+ verbe),to be allowed
avoir le droit de (+ verbe),to be entitled to
avoir le potentiel,to have the potential
avoir le temps,to have time
avoir lieu,to take place
avoir peur,to be afraid
avoir pour but de,to aim to
avoir pour conséquence,to result in
avoir pour effet de,to have the effect of
avril (n. m.),April
banque (n. f.),bank
bar (n. m.),bar
barbu (adj. m.),bearded
bas (adj. m.),low
base de données (n. f.),data base
basse (adj. f.),low
beau (adj. m.),nice
beau (adj. m.),beautiful
beau (adj. m.),handsome
beau (adj. m.),pretty
beau – faire beau,to be nice (out)
beaucoup,a lot
beaucoup de,a lot of
belle (adj. f.),pretty
belle (adj. f.),nice
belle (adj. f.),beautiful
besoin (n. m.),a need
besoin – avoir besoin de,to need
besoin – avoir besoin que,to need
biais – par le biais de,through
biais – par le biais de,via
bibliographie (n. f.),bibliography
bibliothèque (n. f.),library
bien,really
bien,well
bien,quite
bien – aimer bien,to like
bien – si bien que,as a result
"bien du, de la, des",many
bien que,although
biennal (adj. m.),biennial
biennale (adj. f.),biennial
bientôt,soon
bilan - faire le bilan,to evaluate
bilingue (adj. m./f.),bilingual
blanc (adj. m.),white
blanche (adj. f.),white
bleu (adj. m.),blue
bleue (adj. f.),blue
blond (adj. m.),blonde
blonde (adj. f.),blonde
bogue (n. m.),bug
bois (n. m.),wood
bon (adj. m.),good
bon (adj. m.),capable
bonne (adj. f.),good
bonne (adj. f.),capable
bouche (n. f.),mouth
bout (n. m.),end
bout – au bout (de),at the end (of)
boutique (n. f.),boutique
bras (n. m.),arm
bref (adj. m.),brief
brève (adj. f.),brief
brillant (adj. m.),brilliant
brillante (adj. f.),brilliant
brique (n. f.),brick
brochure (n. f.),brochure (bound)
brouillard (n. m.),fog
bruine (n. f.),drizzle
brume (n. f.),mist
brumeux (adj. m.),misty
brun (adj. m.),brown
brun (n. m.),brunet
brune (adj. f.),brown
brune (n. f.),brunette
budget (n. m.),budget
bulletin (n. m.),bulletin
bulletin (n. m.),gazette
bureau (n. m.),desk
bureau (n. m.),office
but (n. m.),goal
but – avoir pour but de,to aim to
but – dans le but de,to
but – dans le but de,with the intention of
c’est parce que,it’s because
c’est pour ça (que),that’s why
c’est pour que (+ subj.),it’s so (that)
c’est pourquoi,that’s why
c’est-à-dire,that is
c’est,it is
c’est à moi,it is mine
c’est vrai?,really?
ça,that
ça fait,it has been
ça fait que,that means that
ça marche,that works
ça se peut (que),to be possible (that)
cafétéria (n. f.),cafeteria
calculer,to calculate
calme (adj. m./f.),calm
canicule (n. f.),dog days
cantine (n. f.),canteen
capable – être capable de,to be capable of
capacité (n. f.),ability
capacité – avoir la capacité de,to have the ability to
carré (adj. m.),square
carré (n. m.),square
carrée (adj. f.),square
carte (n. f.),map
carton (n. m.),cardboard
cause (n. f.),cause
cause – à cause de,because of
causé – être causé par,to be caused by
causée – être causée par,to be caused by
causer,to cause
ce,this
ce – sur ce,on that note
ce dont,what . . . about
ce dont,what
ce que (avec antécédent),which
ce que (sans antécédent),what
ce qui (avec antécédent),which
ce qui (sans antécédent),what
ce qui fait que,which means that
ce sont,these are
ceci,this
ceci dit,having said that
cédille (n. f.),cedilla
cela,that
celle,the one
celle-ci,this one
celle-là,that one
celles-ci,these ones
celles-là,those ones
celui,the one
celui-ci,this one
celui-là,that one
cent,hundred
centaine (n. f.),about a hundred
centième (n. m./f.),hundredth
centilitre (n. m.),centilitre
centimètre (n. m.),centimetre
centre-ville (n. m.),downtown
cependant,however
cependant,meanwhile
certain (adj. m.),certain
certain – être certain de,to be certain
certain – être certain que,to be certain that
certaine (adj. f.),certain
certaine – être certaine de,to be certain
certaine – être certaine que,to be certain that
certaines,some
certains,some
certitude (n. f.),certainty
ces,those
cet,this
cette,this
ceux-ci,these ones
ceux-là,those ones
chacun,everyone
chacune,everyone
changement (n. m.),change
chaque,each
châtain (adj. m.),chestnut-haired
châtaine (adj. f.),chestnut-haired
chaud (adj. m.),hot
chaude (adj. f.),hot
chauve (adj. m./f.),bald
chemise (n. f.),folder
chèque (n. m.),cheque
chercher,to look for
chercher – aller chercher,to go and get
chercher – passer chercher,to stop by and get
chercher – passer chercher,to come and get
chercher – venir chercher,to come and get
chercher à,to try
cheveux (n. m.),hair
cheville (n. f.),ankle
chez,"at, to"
choisir,to choose
choix (n. m.),choice
choix – avoir le choix,to have a/the choice
choix – faire un choix,to make a choice
choix – laisser le choix,to give the choice
choix – offrir le choix,to offer a choice
chose (n. f.),thing
chose – pas grand-chose,not much
chose – pas grand-chose,not a lot
chose – quelque chose,something
ci – celle-ci,this one
ci – celles-ci,these ones
ci – celui-ci,this one
ci – ceux-ci,these ones
ci-annexé,attached
ci-annexée,attached
ci-inclus (adj. m.),included
ci-incluse (adj. f.),included
ci-joint (adj. m.),enclosed
ci-jointe (adj. f.),enclosed
cinéma (n. m.),cinema
cinq,five
cinquantaine (n. f.),about fifty
cinquante,fifty
cinquante et un,fifty one
circonflexe – accent circonflexe,circumflex accent
circulaire (n. f.),circular
circuler,to circulate
circuler,to drive (along)
clair (adj. m.),light
clair (adj. m.),clear
claire (adj. f.),light
claire (adj. f.),clear
clarifier,to clarify
classe (n. f.),classroom
classer,to file
classeur (n. m.),filing cabinet
clause (n. f.),clause
clause (n. f.),provision
clavier (n. m.),keyboard
cliquer,to click
cliquer - double-cliquer,to double-click
clore,to close
clos,closed
close,closed
cohésion (n. f.),cohesion
collectifs – nombres collectifs,collective numbers
coller,to paste
combien,how many
combien,how much
commande (n. f.),order
commander,to order
comme,like
comme,since
comme,as
comme ça,that way
commencer,to start
commencer,to begin
commencer – pour commencer,to begin
commencer par,to begin with
comment,how
comment,what
comment ça se fait (que),how is it (that)
commercial - a commercial (@),the at-sign (@)
communiqué (n. m.),communiqué
communiqué (n. m.),press release
comparable (adj. m./f.),comparable
comparaison (n. f.),comparison
comparaison – en comparaison de,in comparison with
comparatif (n. m.),comparative
comparer (à),to compare
compatible (adj. m./f.),compatible
compétence (n. f.),competence
compétence – avoir la compétence,to have the competence
compétent (adj. m.),competent
compétent – être compétent,to be competent
compétente (adj. f.),competent
compétente – être compétente,to be competent
compiler,to compile
complément d’objet direct (c.o.d.),direct object
complément d’objet indirect (c.o.i.),indirect object
complet – au complet,in full force
complètement,completely
compléter,to complete
complication (n. f.),complication
composante (n. f.),component
composé – passé composé,simple past
compréhensif (adj. m.),understanding
compréhension (n. f.),understanding
compréhensive (adj. f.),understanding
comprendre,to comprise
comprendre,to understand
compressions (n. f. plur.),restrictions
compris,comprised in
compris – y compris,including
comprise,comprised in
compter,to count
compter (+ infinitif),to intend
compter (+ infinitif),to expect
concerne – en ce qui concerne,about
concerne – en ce qui concerne,as far as . . . is concerned
concerne – en ce qui concerne,regarding to
concerne – en ce qui concerne,with regards to
concession (n. f.),concession
conciliant (adj. m.),conciliatory
conciliante (adj. f.),conciliatory
conclure – pour conclure,to conclude
conclure – pour conclure,in conclusion
conclure (à),to conclude
conclusion – en conclusion,in conclusion
concordance des temps (n. f.),sequence of tenses
condition (n. f.),condition
condition – à condition de,provided that
condition – à condition de,on condition that
condition – à condition que,provided that
condition – à condition que,on condition that
conditionnel passé,past conditional
conditionnel présent,present conditional
conditionnelle – proposition,if-clause
conduire,to drive
conférence (n. f.),lecture
conférence – salle de conférence,conference room
conférence (n. f.),conference
confidentiel (adj. m.),confidential
confidentielle (adj. f.),confidential
confidentiellement,confidentially
confier (à),to assign (a project)
conforme (adj. m./f.),in accordance with
conforme – être conforme à,to be conform to
conformer – se conformer à,to comply with
conjuguer,to conjugate
connaissance (n. f.),knowledge
connaître,to be acquainted with
connaître,to know
connu,known
connue,known
conseil (n. m.),piece of advice
conseiller,to advise
conseiller (n. m.),advisor
conseillère (n. f.),advisor
conséquence (n. f.),consequence
conséquence (n. f.),outcome
conséquence – avoir pour conséquence,to result in
conséquence – en conséquence,consequently
conséquence – en conséquence,as a result
conséquent – par conséquent,consequently
conséquent – par conséquent,as a result
consonne (n. f.),consonant
constamment,constantly
constant (adj. m.),constant
constante (adj. f.),constant
constatation (n. f.),noticing
contentement (n. m.),contentment
continuer – pour continuer,to continue
continuer (à),to carry on
continuer (à),to continue
continuer (à),to keep going
contrainte (n. f.),constraint
contrat (n. m.),contract
contre – par contre,on the other hand
convaincu – être convaincu de,to be convinced of
convaincu – être convaincu,to be convinced
convaincue – être convaincue de,to be convinced of
convaincue – être convaincue,to be convinced
convenir à,to suit
convivial (adj. m.),user-friendly
conviviale (adj. f.),user-friendly
convoquer,to call
coordination (n. f.),coordination
coordonnateur (n. m.),coordinator
coordonnatrice (n. f.),coordinator
coordonner,to coordinate
copie (n. f.),copy
copier,to copy
correct (adj. m.),accurate
correcte (adj. f.),accurate
correspondre à,to correspond to
corridor (n. m.),corridor
corridor (n. m.),hall
corriger,to correct
costaud (adj. m.),stocky
costaude (adj. f.),stocky
côté – à côté de,beside
côté – d'un côté ... d'un autre côté,on the one hand . . . on the other hand
côté - mettre de côté,to put . . . aside
cou (n. m.),neck
coude (n. m.),elbow
couleur (n. f.),colour
couloir (n. m.),corridor
coupe-feu (n. m.),firewall
couper,to cut
courant – être au courant de,to be aware of
courant – se tenir au courant (de),to keep oneself aware of
courir,to run
courriel (n. m.),e-mail
courrier (n. m.),mail
courrier – salle de courrier,mail room
cours (n. m.),course
cours – au cours de,during
cours – au cours de,in the course of
cours – être en cours de,to be in the process of
court (adj. m.),short
courte (adj. f.),short
courtoisie (n. f.),courtesy
courtoisie – formule de courtoisie,polite form
couru,run
courue,run
coût (n. m.),cost
couvert (adj. m.),cloudy
couverture (n. f.),cover
crainte – de crainte de,for fear of
crainte – de crainte que,for fear that
créatif (adj. m.),creative
créative (adj. f.),creative
critère (n. m.),criterion
croire,to believe
cuir (n. m.),leather
cultivé (adj. m.),cultured
cultivée (adj. f.),cultured
d’abord,irst
d’accord – être d'accord,to agree
d’ailleurs,besides
d’après,according to
d’autres,others
d’habitude,usually
d’ici …,by …
d’un côté ... d’un autre côté,on the one hand . . . on the other hand.
d’une façon (+ adj.),in a (+ adj.) way
d’une manière (+ adj.),in a (+ adj.) way
"d’une part, d’autre part",on the one hand . . . on the other hand.
dans,in
dans,into
dans l’avenir,in the future
dans l’intention de,with the view to
dans l’intention de,to
dans le but de,to
dans le but de,with the intention of
dans le temps,in the past
dans quel,in which
dans quelle,in which
dans un premier temps,first
date (n. f.),date
date d’échéance (n. f.),deadline
de,from
de,of
de … à,from . . . to
de crainte de,for fear of
de crainte que,for fear that
de façon à,so as to
de façon que,so that
de l’,some
de la,some
de la part de,from
de la part de,on behalf of
de manière à,so as to
de manière que,so that
de nombreux,a number of
de nombreux,numerous
de peur de,for fear of
de peur que,for fear that
de plus,more
de plus,extra
de plus,in addition
de plus,moreover
de sorte que,so that
de temps en temps,from time to time
déboguer,to debug
début (n. m.),beginning
début – au début,from the beginning
début – dès le début,from the beginning
décembre (n. m.),December
déception (n. f.),disappointment
décider (de),to decide to
décision (n. f.),decision
décision - prendre une décision,to make a decision
déclarer,to declare
décrire,to describe
décrocher,to get
décrocher,to land (something)
défendre,to forbid
défendu,forbidden
défendue,forbidden
défense (n. f.),forbiddance
défini (adj. m.),definite
défini – article défini,definite article
définie (adj. f.),definite
degré (n. m.),degree
déjà,already
délai (n. m.),time frame
délai (n. m.),extension (of time)
demain,tomorrow
demain – après-demain,the day after tomorrow
demandé,wanted
demande (n. f.),request
demande – à la demande de,at someone’s request
demande – faire une demande,to make a request
demande – faire une demande,to apply for
demande – sur demande,on request
demandée,wanted
demander,to ask
demander – se demander,to wonder
démarche (n. f.),measure
demi (adj. m.),half
demi (n. m.),half
demie (adj. f.),half
demie (n. f.),half
démission (n. f.),resignation
démonstratif – adjectif démonstratif,demonstrative adjective
démonstratif – pronom démonstratif,demonstrative pronoun
dépannage - service de dépannage,help desk
dépanneur (n. m.),convenience store
dépassé (adj. m.),outdated
dépassée (adj. f.),outdated
dépasser,to go beyond
dépendre de,to depend on
dépense (n. f.),expense
déplacement (n. m.),moving
déplacer,to move
dépliant (n. m.),folder
depuis,since
depuis,for
déranger,to bother
déranger,to disturb
dernier (adj. m.),last
dernier – en dernier lieu,finally
dernier – en dernier lieu,in the last place
dernière (adj. f.),last
dernièrement,lately
déroulement (n. m.),unfolding
dérouler – se dérouler,to take place
dérouler – se dérouler,to go off
derrière,behind
des,some
dès le début,from the beginning
dès que,as soon as
désaccord (n. m.),disagreement
désaccord – être en désaccord,to disagree
descendre,to go down
désirer,to wish
désirer,would like
désolé (adj. m.),sorry
désolée (adj. f.),sorry
désordonné (adj. m.),disorganized
désordonnée (adj. f.),disorganized
dessin (n. m.),drawing
destinataire (n. m./f.),addressee
destinataire (n. m./f.),receiver
destinataire (n. m./f.),recipient
destination (n. f.),destination
destination – à destination de,bound for
destination – à destination de,to
deux,two
deuxième – en deuxième lieu,second
deuxième – en deuxième lieu,in the second place
deuxièmement,secondly
devancer l’échéance,to beat the deadline
devant,in front of
devoir,must
devoir,to have to
diagramme (n. m.),diagram
différemment,differently
différence (n. f.),difference
différencier,to differenciate
différent (adj. m.),different
différente (adj. f.),different
diffuser,to broadcast
diffuser,to circulate
diffuser,to diffuse
diffuser,to distribute
diffusion restreinte (n. f.),restricted
dimanche (n. m.),Sunday
dimension (n. f.),dimension
diminuer,to decrease
dire,to say
dire – c'est-à-dire,that is
dire – entendre dire,to hear of /about
dire – se laisser dire,to hear
dire – vouloir dire,to mean
dire (à),to tell
direct (adj. m.),direct
direct – style direct,direct speech
directe (adj. f.),direct
directe – interrogation directe,direct question
directeur (n. m.),manager
directeur (n. m.),head
direction (n. f.),direction
direction (n. f.),management
directrice (n. f.),manager
directrice (n. f.),head
diriger,to manage
diriger,to be head of
diriger,to be in charge of
discipliné (adj. m.),disciplined
disciplinée (adj. f.),disciplined
discothèque (n. f.),discotheque
discours (n. m.),speech
discours indirect,indirect speech
disons que,let’s say that
disponible (adj. m./f.),available
disposition – à la disposition de,at someone’s disposal
dispositions (n. f.),provisions
dispositions générales,general provisions
disque dur (n. m.),hard disk
distance (n. f.),distance
distribuer,to distribute
dit,told
dit,said
dit – ceci dit,having said that
dite,told
dite,said
diviser,to separate
diviser (par),to divide by
dix,ten
dix-huit,eighteen
dix-neuf,nineteen
dix-sept,seventeen
dizaine (n. f.),about ten
document (n. m.),document
document en annexe,document annexed
documentation (n. f.),documentation
doigt (n. m.),finger
donc,so
donc,thus
donc,then
donc,therefore
donc – je disais donc que,as I was saying
donné – étant donné que,given that
donnée (n. f.),data
données - base de données,data base
donner,to give
dont,that
dont – ce dont,what . . . about
dont – ce dont,what
dossier (n. m.),folder
dossier (n. m.),file
double-clic (n. m.),double-click
double-clic - faire un double-clic,to double-click
double-cliquer,to double-click
doute (n. m.),doubt
douter,to doubt
douzaine (n. f.),dozen
douze,twelve
droit (n. m.),right
droit – avoir droit à (+ nom),to be entitled to
droit – avoir le droit de (+ verbe),to be entitled to
droit – avoir le droit de (+ verbe),to be allowed
droit - tout droit,straight
droite – à droite,on the right
drôle (adj. m./f.),funny
drôle de (adj. m./f.),peculiar
du,some
dû,due
dû – être dû à,to be due to
du fait que,because of
du fait que,on account of
due,due
due – être due à,to be due to
dur - disque dur,hard disk
durant,during
durée (n. f.),duration
durée (n. f.),length
durer,to last
dynamique (adj. m./f.),dynamic
échéance (n. f.),deadline
échéance – date d'échéance,deadline
échéance – devancer l'échéance,to beat the deadline
échéances - respecter les échéances,to meet deadlines
échéances - se fixer des échéances,to etablish deadlines
échéancier (n. m.),schedule
échec (n. m.),failure
échouer,to fail
économiseur d’écran (n. m.),screensaver
écran (n. m.),screen
écran - économiseur d'écran,screensaver
écran de veille (n. m.),screensaver
édifice (n. m.),building
édition (n. f.),edition
effacer,to delete
effacer,to erase
effectifs (n. m.),staff
effectifs (n. m.),workforce
effectifs (n. m.),strength
effet (n. m.),effect
effet – avoir pour effet de,to have the effect of
efficace (adj. m./f.),effective
efficacement,effectively
efficacité (n. f.),effectiveness
efficience (n. f.),efficiency
efficient (adj. m.),efficient
efficiente (adj. f.),efficient
égal (adj. m.),equal
égale (adj. f.),equal
égaler,to equal (2 + 2 = 4)
élaborateur (n. m.),developer
élaboratrice (n. f.),developer
élaborer,to develop
élément (n. m.),element (data)
élevé (adj. m.),high
élevée (adj. f.),high
élimination (n. f.),elimination
éliminer,to eliminate
elle,her
elles,they
embarras (n. m.),awkward position
empêchement (n. m.),obstacle
empêcher (de),to stop
empêcher (de),to prevent
empocher,to pocket
en,by
en,some
en,in
en (+ gérondif),by (+ gerund)
en annexe (n. f.),appendix
en annexe – document en annexe,document annexed
en avance,early
en bon état,in good condition
en ce qui concerne,about
en ce qui concerne,as far as . . . is concerned
en ce qui concerne,regarding to
en ce qui concerne,with regards to
en comparaison de,in comparison with
en conclusion,in conclusion
en conséquence,consequently
en conséquence,as a result
en dernier lieu,finally
en dernier lieu,in the last place
en deuxième lieu,second
en deuxième lieu,in the second place
en entier,all
en excellent état,in excellent condition
en face de,opposite
en face de,facing
en fait,in fact
en fait,actually
en général,in general
en général,generally (speaking)
en général,as a rule
en ligne,online
en mauvais état,in poor condition
en même temps,at the same time
en passant,just in passing
en passant,by the way
en premier lieu,first
en premier lieu,in the first place
en provenance de,from
en quel,in which
en quelle,in which
en troisième lieu,third
en vue de,to
en vue de,with the intention of
en vue de,with a view to
en vue de,in order to
enchaînement (n. m.),linking
encontre – aller à l'encontre de,to go against
encore,still
encore,again
endommagé,damaged
endommagée,damaged
endroit (n. m.),place
enfin,finally
engager,to hire
engager – s'engager à,to commit oneself to
enjoindre (à),to enjoin
ennuagé,cloudy
ennuagée,cloudy
ennuagement (n. m.),clouding over
ennuager – s'ennuager,to cloud over
ennui (n. m.),trouble
énoncé (n. m.),utterance
énorme (adj. m./f.),huge
énorme (adj. m./f.),enormous
énormément,enormously
énormément,a lot
enquête (n. f.),inquiry
enquête (n. f.),survey
enregistrer,to save
ensoleillé (adj. m.),sunny
ensoleillée (adj. f.),sunny
ensuite,next
entendre dire que,to hear that
entendre parler de,to hear of /about
entier (adj. m.),whole
entier – en entier,all
entier – nombres entiers,whole number
entière (adj. f.),whole
entraîner,to lead to
entre,among
entre,between
entre parenthèses,incidentally
entre-temps,meanwhile
entre-temps,in the meantime
entrée (n. f.),entrance
entrée – hall d'entrée,entrance hall
entrée principale (n. f.),main entrance
entreprendre,to take on
entrer,to enter
entrer en vigueur,to come into force
environ,about
envisager (de),to think about
envoyer (à),to send
épais (adj. m.),thick
épaisse (adj. f.),thick
épaule (n. f.),shoulder
épeler,to spell
époque - à cette époque (-là),at that time
épuisé (adj. m.),out of stock
épuisée (adj. f.),out of stock
équipe (n. f.),team
équivalent (n. m.),equivalent
erreur (n. f.),error
erreur (n. f.),mistake
espace (n. m.),space
espoir (n. m.),hope
essai - mettre à l'essai,to test
essentiel (adj. m.),essential
essentielle (adj. f.),essential
est (n. m.),east
et,and
établir,to etablish
établir,to determine
étage (n. m.),floor
étant donné que,given that
étape (n. f.),stage
étape (n. f.),step
étape – l'étape finale,the final step
étape – l'étape suivante,the following step
étape – la première étape,the first step
étape – la prochaine étape,the next step
état (n. m.),condition
état – en bon état,in good condition
état – en excellent état,in excellent condition
état – en mauvais état,in poor condition
état d’avancement (n. m.),progress
été,been
été (n. m.),summer
éteint,turned off
éteinte,turned off
étonnamment,amazingly
étonnant (adj. m.),amazing
étonnante (adj. f.),amazing
étonnement (n. m.),amazement
être,to be
être à,to belong to
être absent,to be absent
être absent,to be away
être absente,to be absent
être absente,to be away
être apte à,to be capable of
être au courant (de),to be aware
être au courant (de),to be well-informed
être au courant (de),to know (about)
être averti (de),to be warned of
être averti (de),to be informed of
être averti que,to be warned that
être averti que,to be informed that
être avertie (de),to be warned of
être avertie (de),to be informed of
être avertie que,to be warned that
être avertie que,to be informed that
être capable (de),to be capable of
être causé par,to be caused by
être causée par,to be caused by
être certain (de),to be certain of
être certain que,to be certain that
être certaine (de),to be certain of
être certaine que,to be certain that
être compétent,to be competent
être compétente,to be competent
être conforme à,to conform to
être convaincu (de),to be convinced of
être convaincu que,to be convinced that
être convaincue (de),to be convinced of
être convaincue que,to be convined that
être d’accord,to agree
être dans l’incapacité de,to be unable to
être dans l’incapacité de,to be incapable of
être de,to be from
être dû à,to be due to
être due à,to be due to
être en cours de,to be in the process of
être en désaccord,to disagree
être en mesure de,to be in a position to
être en retard,to be late
être en train de,ing form
être ici,to be here
être incapable (de),to be incapable of
être incapable (de),to be unable to
être incompétent,to be incompetent
être incompétente,to be incompetent
être informé (de),to be informed of
être informé que,to be informed that
être informée (de),to be informed of
être informée que,to be informed that
être là,to be there
être membre de,to be a member of
être mieux de,to be better
être natif de,to be a native of
être natif de,to come from
être native de,to be a native of
être native de,to come from
être obligé (de),to be required to
être obligée (de),to be required to
être occasionné par,to be caused by
être occasionnée par,to be caused by
être originaire de,to be a native of
être originaire de,to come from
être parti,to be out
être parti,to be away
être parti,to be left
être partie,to be out
être partie,to be away
être partie,to be left
être prévenu (de),to be warned of
être prévenu que,to be warned that
être prévenue (de),to be warned of
être prévenue que,to be warned that
être prié de,to be asked to
être priée de,to be asked to
être rendu (à),to be at
être rendue (à),to be at
être retardé,to be delayed
être retardée,to be delayed
être sorti,to be out
être sorti,to be gone
être sortie,to be out
être sortie,to be gone
être sûr (de),"to be sure (of, to)"
être sûr que,to be sure that
être sûre de,"to be sure (of, to)"
être sûre que,to be sure that
être tenu de,to be required to
être tenue de,to be required to
étroit (adj. m.),narrow
étroite (adj. f.),narrow
eu,had
eu,gotten
eue,had
eue,gotten
eux,them
évaluateur (n. m.),evaluator
évaluateur (n. m.),appraiser
évaluatrice (n. f.),evaluator
évaluatrice (n. f.),appraiser
évaluer,to evaluate
événement (n. m.),event
exact,correct
exact (adj. m.),exact
exact (adj. m.),accurate
exacte (adj. f.),exact
exacte (adj. f.),accurate
exactitude (n. f.),accuracy
excéder,to exceed
excellent (adj. m.),excellent
excellente (adj. f.),excellent
excepté,except
exceptée,except
exception – à l’exception de,except for
exclu,excluded
exclue,excluded
exclure (de),to exclude
exclusion (n. f.),exclusion
exclusion – à l'exclusion de,with the exclusion of
excuser,to excuse
excuser - s'excuser,to apologize
exécuter,to execute
exécution (n. f.),execution
exemplaire (n. m.),copy (of a publication)
exemple (n. m.),example
exemple – par exemple,for example
exemple – par exemple,for instance
exigé,required
exigée,required
exigences (n. f.),requirements
exiger,to require
exiger,to demand
exiger,to insist
expéditeur (n. m.),sender
expéditrice (n. f.),sender
expérimenté (adj. m.),experienced
expérimentée (adj. f.),experienced
expliquer (à),to explain
exploit (n. m.),achievement
exploit (n. m.),feat
extrait (n. m.),excerpt
extrêmement,extremely
face – en face de,opposite
face – en face de,facing
facile (adj. m./f.),easy
facilement,easily
facilité (n. f.),easiness
façon – d'une façon (+ adj.),in a (+ adj.) way
façon – de façon à,so as to
façon – de façon que,so that
facture (n. f.),bill
facture (n. f.),invoice
facultatif (adj. m.),optional
facultative (adj. f.),optional
faire,to do
faire,to make
faire beau,to be nice (out)
faire frais,to be cool
faire froid,to be cold
faire l’affaire,to suit
faire le bilan,to evaluate
faire le point (sur),to take stock (of)
faire mauvais,to be not nice (out)
faire part de,"to inform (of, about)"
faire partie de,to be a member of
faire partie de,to be part of
faire soleil,to be sunny
faire un choix,to make a choice
faire un double -clique,to double-click
faire une demande,to make a request
faire une demande,to apply for
fait,done
fait,made
fait (n. m.),fact
fait – au fait,by the way
fait – ça fait que,that means that
fait – ça fait,it has been
fait – ce qui fait que,which means that
fait – comment ça se fait que,how is it (that)
fait – du fait que,because of
fait – du fait que,on account of
fait – en fait,in fact
fait – en fait,actually
faite,done
faite,made
falloir,to have to
favori (n. m.),favorite
femmes – toilette des femmes,ladies’ washroom
ferme (adj. m./f.),firm
fermer les yeux (sur quelque chose),to turn a blind eye (to something)
février (n. m.),February
fiable (adj. m./f.),reliable
fichier (n. m.),file
fichier (n. m.),data file
fichier joint (n. m.),attachment
fichier joint (n. m.),attached file
fier – se fier à,to rely on
fin (n. f.),end
fin – à la fin,in the end
fin - mettre fin à,to terminate
final (adj. m.),final
finale (adj. f. ),final
finale – l'étape finale,the final step
finalement,finally
financement (n. m.),financing
financer,to finance
fini,finished
finie,finished
finir,to finish
finir – avant de finir,before finishing
finir – pour finir,to end
fixer,to establish
fixer - se fixer des échéances,to etablish deadlines
flambant neuf (adj. m.),brand new
flambant neuve (adj. f.),brand new
fois (n. f.),times (3 x 5 = 15)
fois – quelques fois par…,a few times a . . .
fois par,times a
foncé (adj. m.),dark
foncée (adj. f.),dark
fonction (n. f.),duty
fonctionnaire (n. m./f.),public servant
fond – au fond (de),at the bottom (of)
fondamental (adj. m.),fondamental
fondamentale (adj. f.),fondamental
force – à force de,through
format (n. m.),size
formation (n. f.),formation
forme (n. f.),shape
forme active,active voice
forme interrogative,interrogative sentence
forme passive,passive voice
formulaire (n. m.),form
formulation (n. f.),formulation
formule de courtoisie (n. f.),polite form
formuler,phrase
fort (adj. m.),loud
fort (adj. m.),strong
fort – parler plus fort,to speak up
forte (adj. f.),strong
forte (adj. f.),loud
fournir,to provide
fournir,to supply
fraîche (adj. f.),cool
fraîche (adj. f.),fresh
frais (adj. m.),cool
frais (adj. m.),fresh
frais – faire frais,to be cool
franc (adj. m.),frank
français (adj. m.),French
français (n. m.),French
française (adj. f.),French
franche (adj. f.),frank
fréquemment,frequently
fréquence (n. f.),frequency
frisé (adj. m.),curly
frisée (adj. f.),curly
froid (adj. m),cold
froid – faire froid,to be cold
froide (adj. f),cold
front (n. m.),forehead
fureteur (n. m.),Web browser
futur (n. m.),future
futur antérieur,future perfect
futur proche,immediate future
futur simple,future
gagner,to win
gagner,to earn
gauche – à gauche,on the left
gêne (n. f.),embarrassment
général – en général,in general
général – en général,generally (speaking)
général – en général,as a rule
générale – dispositions générales,general provisions
généralement,generally
généralisation (n. f.),generalization
genou (n. m.),knee
genre (n. m.),kind
genre (n. m.),gender
gentil (adj. m.),kind
gentille (adj. f.),kind
gérer,to manage
gestion (n. f.),management
gestionnaire (n. m./f.),manager
grâce à,thanks to
gramme (n. m.),gram
grand (adj. m.),tall
grand (adj. m.),big
grand (adj. m.),great
grand (adj. m.),large
grand monde – pas grand monde,not a lot of people
grand-chose – pas grand-chose,not much
grand-chose – pas grand-chose,not a lot
grande (adj. f.),tall
grande (adj. f.),big
grande (adj. f.),great
grande (adj. f.),large
graphique (n. m.),graph
graphique (n. m.),chart
gras (n. m.),bold
grave (adj. m./f.),grave
grave – accent grave,grave accent
grêle (n. f.),hail
grésil (n. m.),ice pellets
gris (adj. m),grey
grise (adj. f.),grey
gros (adj. m.),big
gros (adj. m.),large
gros (adj. m.),fat
grosse (adj. f.),fat
grosse (adj. f.),big
grosse (adj. f.),large
guide (n. m.),guide
habile (adj. m./f.),clever
habiter,to live
habitude – d'habitude,usually
habituellement,usually
hall (n. m.),hall
hall d’entrée (n. m.),entrance hall
haut (adj. m),high
haute (adj. f.),high
hebdomadaire (adj. m./f.),weekly
hésiter,to hesitate
heure (n. f.),hour
heure – à l'heure actuelle,at the present time
heure – à l'heure,on time
heure – avant l'heure,early
heureuse (adj. f.),happy
heureux (adj. m.),happy
hier,yesterday
hier – avant-hier,the day before yesterday
hier soir,last night
hiver (n. m.),winter
hommes – toilette des hommes,men’s washroom
honnête (adj. m./f.),honest
honneur (n. m.),honour
hôpital (n. m.),hospital
hôtel (n. m.),hotel
hôtel de ville (n. m.),city hall
humaines – ressources humaines,human resources
humide (adj. m./f.),humid
hypothèse (n. f.),hypothesis
ici,here
ici – d'ici …,by …
ici – être ici,to be here
icône (n. f.),icon
identification (n. f.),identification
identifier,to identify
identifier – s'identifier,to identify oneself
identique (adj. m./f.),identical
identité (n. f.),identity
ignorance (n. f.),ignorance
ignorer,not to know
il,he
il est question de,it’s about
il s’agit (de),it’s about
il s’agit (de),it is a matter of
il se peut que,to be possible (that)
il y a,"there is, are"
il y a,ago
illustration (n. f.),illustration
ils,they
immédiatement,immediately
immense (adj. m./f.),immense
impact (n. m.),impact
imparfait (n. m.),imperfect
impatient (adj. m.),impatient
impatiente (adj. f.),impatient
impératif (n. m.),imperative mood
implantation (n. f.),implementation
implanter,to set up
implication (n. f.),implication
impliquer,to imply
importance (n. f.),importance
important (adj. m.),important
importante (adj. f.),important
importer,to matter
impossibilité (n. f.),impossibility
impossible (adj. m./f.),impossible
imprécis (adj. m.),vague
imprécise (adj. f.),vague
impression – avoir l'impression de,to have the impression of
impression – avoir l'impression que,to have the impression that
imprimante (n. f.),printer
imprimé (n. m.),hard copy
imprimer,to print
improbabilité (n. f.),improbability
improbable (adj. m./f.),improbable
improductif (adj. m.),unproductive
improductive (adj. f.),unproductive
inacceptable (adj. m./f.),unacceptable
incapable – être incapable de,to be incapable of
incapable – être incapable de,to be unable to
incapacité (n. f.),incapacity
incapacité (n. f.),inability
incapacité – être dans l'incapacité de,to be incapable of
incident (n. m.),incident
inclure,to include
inclus (adj. m.),included
inclus – ci-inclus,included
incluse (adj. f.),included
incluse – ci-incluse,included
inclusion (n. f.),inclusion
inclusivement,inclusively
incompétent (adj. m.),incompetent
incompétent – être incompétent,to be incompetent
incompétent – être incompétente,to be incompetent
incompétente (adj. f.),incompetent
indéfini (adj. m.),indefinite
indéfini – article indéfini,indefinite article
indéfinie (adj. f.),indefinite
indicateur (n. m.),indicator
indicatif (n. m.),indicative
indicatif – présent de l'indicatif,present indicative
indifférence (n. f.),indifference
indiquer,to indicate
indirect – discours indirect,indirect speech
indirect – interrogation indirecte,indirect question
indirect – style indirect,indirect speech
indispensable (adj. m./f.),indispensable
inefficace (adj. m./f.),inefficient
inefficacité (n. f.),inefficiency
inexactitude (n. f.),inaccuracy
inférieur (adj. m.),inferior
inférieure (adj. f.),inferior
infinitif (n. m.),infinitive
infinitif passé,past infinitive
information (n. f.),information
informatique – pirate informatique,hacker
informatique – pirate informatique,cracker
informé – être informé de,to be informed of
informé – être informé que,to be informed that
informée – être informée de,to be informed of
informée – être informée que,to be informed that
informer – s’informer (de),to inquire (about)
informer – s’informer (de),to find out (about)
informer – s’informer (de),to inform oneself (about)
informer (de),"to inform (of, about)"
inscrire,to register
inscrire,"to write down, to register"
inscrire – s'inscrire (à),to register (for)
insister,to insist
intégral (adj. m.),unabridged
intégrale (adj. f.),unabridged
intègre (adj. m./f.),upright
intelligemment,intelligently
intelligent (adj. m.),intelligent
intelligente (adj. f.),intelligent
intention (n. f.),intention
intention – à l'intention de,for
intention – avoir l'intention de,to plan to
intention – avoir l'intention de,to have the intention of
intention – avoir l'intention de,to intend to
intention – dans l'intention de,with a view to
interdiction (n. f.),prohibition
interdire (à),to prohibit
interdit (adj. m.),prohibited
interdite (adj. f.),prohibited
intéressé,interested
intéressée,interested
intérieur – à l’intérieur de,within
interprétation (n. f.),interpretation
interrogatif (adj. m.),interrogative
interrogation (n. f.),interrogation
interrogation directe,direct question
interrogation indirecte,indirect question
interrogative (adj. f.),interrogative
interrogative – forme interrogative,Interrogative sentence
intonation (n. f.),intonation
inutile (adj. m./f.),useless
inutilement,needlessly
inutilement,unnecessarily
irrégulier - verbe irrégulier,irregular verb
italique (n. m.),italics
jamais,never
jamais – presque jamais,almost never
jambe (n. f.),leg
janvier (n. m.),January
jaune (adj. m./f.),yellow
je,I
je disais donc que,as I was saying
jeudi (n. m.),Thursday
jeune (adj. m./f.),young
joindre (à),to enclose
joint (adj. m.),enclosed
joint – ci-joint,enclosed
joint - fichier joint,attachment
joint - fichier joint,attached file
jointe (adj. f.),enclosed
jointe – ci-jointe,enclosed
joli (adj. m.),nice
joli (adj. m.),pretty
jolie (adj. f.),nice
jolie (adj. f.),pretty
jour (n. m.),day
jour - mettre à jour,to update
jour – ordre du jour,agenda
journée (n. f.),daytime
jovial (adj. m.),jovial
joviale (adj. f.),jovial
juillet (n. m.),July
juin (n. m.),June
"jusqu’à, au",until
"jusqu’à, au",as far as
"jusqu’à, au",to
"jusqu’à, au",up to
juste,just
juste (adj. m./f.),fair
juste (adj. m./f.),accurate
kilo (n. m.),kilo
kilogramme (n. m.),kilogram
kilomètre (n. m.),kilometre
l’étape finale,the final step
l’étape suivante,the following step
l’,the
la,the
là,there
là – celle-là,that one
là – celles-là,those ones
là – celui-là,that one
là – ceux-là,those ones
là – être là,to be there
la leur,theirs
la mienne,mine
la nôtre,ours
la plupart (de),the majority (of)
la plupart du temps,most of the time
la première étape,the first step
la prochaine étape,the next step
la sienne,hers
la sienne,his
la sienne,its
la tienne,yours
la vôtre,yours
laboratoire (n. m.),laboratory
laid (adj. m.),ugly
laide (adj. f.),ugly
laine (n. f.),wool
laisser,to let
laisser – se laisser dire,to hear
laisser le choix (à),to give the choice (to)
langue (n. f.),language
laquelle,which
large (adj. m./f.),wide
le,the
le leur,theirs
le mien,mine
le nôtre,ours
le plus tôt possible,as soon as possible
le sien,hers
le sien,his
le sien,its
le tien,yours
le vôtre,yours
légèrement,lightly
légèrement,slightly
législateur (n. m.),legislator
législateur (n. m.),lawmaker
lendemain (n. m.),the next day
lendemain de (n. m.),the day after
lent (adj. m.),slow
lente (adj. f.),slow
lentement,slowly
lequel,which
les,the
les leurs,theirs
les miennes,mine
les miens,mine
les nôtres,ours
les siennes,hers
les siennes,his
les siennes,its
les siens,hers
les siens,his
les siens,its
les tiennes,yours
les tiens,yours
les vôtres,yours
lesquelles,which
lesquels,which
lettre (n. f.),letter
lettre majuscule (n. f.),capital letter
lettre minuscule (n. f.),small letter
leur,their
leur – la leur,theirs
leur – le leur,theirs
leurs,their
leurs – les leurs,theirs
lexique (n. m.),lexicon
lexique (n. m.),glossary
liaison (n. f.),liaison
librairie (n. f.),bookstore
libre (adj. m./f.),free
lieu (n. m.),location
lieu – avoir lieu,to take place
lieu – en dernier lieu,finally
lieu – en dernier lieu,in the last place
lieu – en deuxième lieu,second
lieu – en deuxième lieu,in the second place
lieu – en premier lieu,first
lieu – en premier lieu,in the first place
lieu – en troisième lieu,third
lieu – lieu de résidence,residence
lieu – lieu de travail,work location
ligne - en ligne,online
limite (n. f.),limit
limiter – se limiter à,to keep to
lire,to read
liste (n. f.),list
litre (n. m.),litre
localisation (n. f.),localization
localiser,to localize
logiciel (n. m.),software
loi (n. f.),law
loi (n. f.),act
loi – projet de loi,bill
loin,far
loin – pas loin de,nearly
loin – pas loin de,not far from
long (adj. m.),long
longtemps,for a long time
longue (adj. f.),long
lorsque,when
loyal (adj. m.),loyal
loyale (adj. f.),loyal
lui,him
lumière (n. f.),light
lundi (n. m.),Monday
ma,my
magasin (n. m.),store
mai (n. m.),May
maigre (adj. m./f.),skinny
main (n. f.),hand
maintenant,now
mais,but
maison (n. f.),house
majorité – la (grande) majorité (de),the (great) majority (of)
majuscule – lettre majuscule,capital letter
mal,badly
mal – pas mal de,quite a lot of
mal – pas mal,quite (a lot)
malgré,despite
mandat (n. m.),mandate
mangé,eaten
mangée,eaten
manger,to eat
manière – d'une manière (+ adj. f.),in a (+ adj.) way
manière – de manière à,so as to
manière – de manière que,so that
manquer,to be missing
manquer de,to lack
manquer de,to be short of
manuel (n. m.),manual
maquette (n. f.),model
marche – ça marche,that works
mardi (n. m.),Tuesday
mars (n. m.),March
matière (n. f.),material
matin (n. m.),morning
matinée (n. f.),morning
mauvais (adj. m.),poor
mauvais (adj. m.),bad
mauvais – faire mauvais,bad weather
mauvaise (adj. f.),bad
mauvaise (adj. f.),poor
maximum (n. m.),maximum
mécontentement (n. m.),displeasure
méfier – se méfier de,to mistrust
meilleur (adj. m.),better
meilleur (n. m.),the best
meilleure (adj. f.),better
meilleure (n. f.),the best
membre (n. m.),member
membre – être membre de,to be a member of
même,even
même (adj. m./f.),same
même – de même que,along with
même – en même temps,at the same time
même – quand même,anyway
même pas,not even
même si,even if
mensuel (adj. m.),monthly
mensuelle (adj. f.),monthly
merci,thank you
mercredi (n. m.),Wednesday
mes,my
message (n. m.),message
mesure (n. f.),measurement
mesure – être en mesure de,to be in a position to
métal (n. m.),metal
métallique (adj. m./f.),metallic
méthode (n. f.),method
méthodique (adj. m./f.),methodical
mètre (n. m.),metre
mettre,to put
mettre à jour,to update
mettre à l’essai,to test
mettre à part,to put . . . aside
mettre de côté,to put . . . aside
mettre de l’avant,to promote
mettre en ouvre,to implement
mettre en application,to apply
mettre en veilleuse,to put on the back burner
mettre en vigueur,to enforce
mettre fin à,to terminate
mettre sur pied,to set up
midi (n. m.),noon
midi – après-midi,afternoon
midi – avant-midi,morning
mien – le mien,mine
mienne – la mienne,mine
miennes – les miennes,mine
miens – les miens,mine
mieux,better
mieux – aimer mieux,to prefer
mieux – être mieux de,to be better
mieux – valoir mieux,to be better
milieu – au milieu (de),in the middle (of)
mille,thousand
millième,thousandth
millier (n. m.),about a thousand
millilitre (n. m.),millilitre
millimètre (n. m.),millimetre
million (n. m.),million
mince (adj. m./f.),thin
minimum (n. m.),minimum
ministère (n. m.),department
minorité (n. f.),minority
minuit (n. m.),midnight
minuscule – lettre minuscule,small letter
mis,put
mis à part,aside from
mise,put
mise - la mise à jour,updating
mise – la mise en valeur,enhancement
modification (n. f.),modification
modification (n. f.),amendment
modifier,to modify
moi,me
moi – c’est à moi,it is mine
moi – quant à moi,as for me
moi – selon moi,if you ask me
moins,to (hour)
moins,minus (7 - 2 = 5)
moins – à moins de,unless
moins – à moins que,unless
moins – aimer moins,not to be keen on
moins – au moins,at least
moins – pas moins de,no(t) less (fewer) than
moins – plus ou moins,more or less
moins … que,less . . . than
mois (n. m.),month
moment (n. m.),moment
moment – à ce moment-là,at that time
moment – à tout moment,constantly
moment – à tout moment,all the time
moment – au moment où,when
moment – en ce moment,at the moment
mon,my
monde – pas grand monde,not a lot of people
monter,to go up
mort,dead
morte,dead
mot (n. m.),word
mot de passe (n. m.),password
moteur de recherche (n. m.),search engine
motif (n. m.),motive
motivé,motivated
motivée,motivated
mourir,to die
moyen (n. m.),means
moyen (n. m.),way
moyen – au moyen de,by means of
moyen – y avoir moyen de,to be a way of
moyen – y avoir moyen que,to be a way that
multiplier (par),to multiply by
musée (n. m.),museum
naître,to be born
natif – être natif de,to be a native of
natif – être natif de,to come from
native – être native de,to be a native of
native – être native de,to come from
navigateur (n. m.),Web browser
naviguer,to browse
né,born
ne ... ni ... ni,neither . . . nor
ne … aucun,not . . . any
ne … aucune,not . . . any
ne … jamais,never
ne … nulle part,not . . . anywhere
ne … pas,not
ne … pas encore,not . . . yet
ne … personne,not . . . anybody
ne … plus,not . . . anymore
ne … rien,not . . . anything
nécessaire (adj. m./f.),necessary
nécessité (n. f.),necessity
née,born
négation (n. f.),negative
neige (n. f.),snow
neiger,to snow
neigeux (adj. m.),snowy
nerveuse (adj. f.),nervous
nerveux (adj. m.),nervous
neuf,nine
neuf (adj. m.),new
neuf – flambant neuf,brand new
neutre - pronom neutre,neuter pronoun
neuve (adj. f.),new
neuve – flambant neuve,brand new
nez (n. m.),nose
noir (adj. m.),black
noire (adj. f.),black
nom (n. m.),name
nombre (n. m.),number
nombres collectifs,collective numbers
nombres entiers,whole numbers
nombres ordinaux,ordinal numbers
nombreux – de nombreux,a number of
nombreux – de nombreux,numerous
nombril (n. m.),navel
nominale – proposition nominale,noun phrase
non seulement,not only
nord (n. m.),north
normal (adj. m.),normal
normale (adj. f.),normal
normalement,normally
norme (n. f.),standard
nos,our
note (n. f.),note
noter,to note
notre,our
nôtre – la nôtre,ours
nôtre – le nôtre,ours
nôtres – les nôtres,ours
nous,we
nous,us
nouveau (adj. m.),new
nouvelle (adj. f.),new
novembre (n. m.),November
nuage (n. m.),cloud
nuageux (adj. m.),cloudy
nuance (n. f.),shade
nuance (n. f.),nuance
nuit (n. f.),night
numérique (adj. m./f.),numerical
numérique – non numérique,non-numerical
numériser,to scan
numériseur (n. m.),scanner
numéro (n. m.),number
numéro de téléphone (n. m.),telephone number
obèse (adj. m./f.),obese
objectif (n. m.),objective
objection (n. f.),objection
objet (n. m.),object
objet direct - complément d'objet direct,direct object
objet direct - pronom personnel objet direct,personal pronoun as direct object
objet indirect – complément d'objet indirect,indirect object
objet indirect – pronom personnel objet,personal pronoun as indirect object
obligation (n. f.),obligation
obligatoire (adj. m./f.),mandatory
obligé – être obligé de,to be required to
obligée – être obligée de,to be required to
obliger à,to require to
obliger à,to make (someone) do something
observation (n. f.),observation
obstacle (n. m.),obstacle
obtenir,to obtain
obtention (n. f.),obtaining
obtention (n. f.),achievement
occasion – à l'occasion,occasionally
occasionné – être occasionné par,to be caused by
occasionnée – être occasionnée par,to be caused by
occasionner,to cause
occupé (adj. m.),busy
occupée (adj. f.),busy
occuper,to occupy
occuper – s'occuper de,to take care of
octobre (n. m.),October
œil (n. m.),eye
œuvre - mettre en œuvre,to implement
offert,offered
offerte,offered
offre (n. f.),offer
offrir (à),to offer
offrir le choix,to offer a choice
on,we
onze,eleven
opinion (n .f.),opinion
opposer – s'opposer à,to oppose
opposition (n. f.),opposition
opter,to opt
option (n. f.),option
optionnel (adj. m.),optional
optionnelle (adj. f.),optional
orage (n. m.),thunderstorm
orageux (adj. m.),stormy
oral (adj. m.),oral
orale (adj. f.),oral
ordinaire (adj. m./f.),ordinary
ordinairement,ordinarily
ordinateur (n. m.),computer
ordinateur de poche (n. m.),palmtop computer
ordinateur portable (n. m.),laptop computer
ordinaux – nombres ordinaux,ordinal numbers
ordonner (à),to order
ordonner (à),to decree
ordre du jour (n. m.),agenda
oreille (n. f.),ear
organisateur (n. m.),organizer
organisation (n. f.),organization
organisatrice (n. f.),organizer
organiser,to organize
organisme (n. m.),organism
orientation (n. f.),orientation
orienter (vers),to direct (towards)
originaire – être originaire de,to come from
originaire – être originaire de,to be a native of
original (n. m.),original
origine (n. f.),origin
orteil (n. m.),toe
ou,or
où,where
où – au moment où,when
où - par où,where
oublier,to forget (to)
ouest (n. m.),west
oui (n. m.),yes
ouvert (adj. m.),open
ouverte (adj. f.),open
ouvrir,to open
ovale (adj. m./f.),oval
page (n. f.),page
page d’accueil,home page
pâle (adj. m./f.),pale
papier (n. m.),paper
par,by
par,through
par,in
par,per
par – commencer par,begin with
par ailleurs,furthermore
par ailleurs,moreover
par conséquent,consequently
par conséquent,as a result
par contre,on the other hand
par exemple,for example
par exemple,for instance
par le biais de,through
par le biais de,via
par où,where
par quel,by which
par quelle,by which
par rapport à,in relation to
paragraphe (n. m.),subsection (loi)
paragraphe (n. m.),paragraph
paraître,to appear
parce que,because
parce que – c'est parce que,it’s because
pardon,excuse me
pareil (adj. m.),identical
pareille (adj. f.),identical
parenthèse – entre parenthèses,incidentally
paresseuse (adj. f.),lazy
paresseux (adj. m.),lazy
parfait (adj. m.),perfect
parfait – plus-que-parfait,past perfect
parfaite (adj. f.),perfect
parfois,sometimes
parlé,spoken
parlée,spoken
parler – entendre parler de,to hear of/about
parler (à),to speak to
parler (à),to talk to
parler de,to talk about
parler plus fort,to speak up
part – à part,apart from
part – d'une part ... d'autre part,on the one hand . . . on the other hand
part – de la part de,from
part – de la part de,on behalf of
part – faire part de,"to inform (of, about)"
part – mettre à part,to put . . . aside
part – mis à part,aside from
part – mis à part,apart from
part – pour ma part,for my part
partage (n. m.),division
partage (n. m.),sharing out
partager,to divide
partager,to separate
partager,to share
parti – être parti,to be out
parti – être parti,to be away
parti – être parti,to be left
partie (n. f.),part
partie – être partie,to be out
partie – être partie,to be away
partie – être partie,to be left
partie – faire partie de,to be part of
partie – faire partie de,to be a member of
partiel (adj. m.),partial
partielle (adj. f.),partial
partir,to leave
parvenir à,to succeed in
pas – même pas,not even
pas de,not . . . any
pas du tout,not at all
pas grand monde,not a lot of people
pas grand-chose,not much
pas grand-chose,not a lot
pas loin de,not far from
pas loin de,nearly
pas mal,quite (a lot)
pas mal de,quite a lot of
pas même,not even
pas moins de,no(t) less (fewer) than
pas plus de,no(t) more than
passage (n. m.),passage
passant – en passant,just in passing
passant – en passant,by the way
passé (n. m.),past
passé – conditionnel passé,past conditional
passe - mot de passe,password
passé – par le passé,in the past
passé – subjonctif passé,past subjunctive
passé composé,simple past
passer,to pass
passer,to spend
passer – se passer,to happen
passer chercher,to come and get
passer chercher,to stop by and get
passive – forme passive,passive voice
patiemment,patiently
patient (adj. m.),patient
patiente (adj. f.),patient
pavillon (n. m.),pavilion
peine – valoir la peine,to be worthwhile
pendant,during
pendant que,while
pendant que j’y pense,while I think of it
penser (que),to think (that)
penser à (+ infinitif),to intend
perdre,to lose
perdu,lost
perdue,lost
performant (adj. m.),performing
performante (adj. f.),performing
périodique (adj. m./f.),periodical
périodiquement,periodically
permettre (à),to permit
permettre (de),to allow (to)
permis,allowed
permis,permitted
permise,allowed
permise,permitted
permission (n. f.),permission
personne,nobody
personne (n. f.),person
personne ressource (n. f.),resource person
personnel (n. m.),staff
personnel - pronom personnel objet direct,personal pronoun as direct object
personnel - pronom personnel objet indirect,personal pronoun as indirect object
personnel – pronom personnel,personal pronoun
personnellement,personally
perte (n. f.),loss
perte (n. f.),waste
perte de temps (n. f.),waste of time
pertinent (adj. m.),relevant
pertinente (adj. f.),relevant
petit (adj. m.),small
petite (adj. f.),small
peu – à peu près,about
peu – un peu,a little
peu de – un peu de,a little
peur (n. f.),fear
peur – avoir peur,to be afraid
peur – de peur de,for fear of
peur – de peur que,for fear that
peut-être,perhaps
peut-être,maybe
phase (n. f.),phase
phénomène (n. m.),phenomenon
photo (n. f.),photo
photo (n. f.),picture
photocopie (n. f.),photocopy
photocopier,to photocopy
pièce (n. f.),room
pied (n. m.),foot
pied - mettre sur pied,to set up
pile,on the dot
pile – arriver pile,to arrive on the dot
pile – arriver pile,to arrive right on time
pirate informatique (n. m./f.),hacker
pirate informatique (n. m./f.),cracker
pire (adj. m./f.),worse
pire (n. m.),worst
place (n. f.),place
placer,to place
plaisir (n. m.),pleasure
plan (n. m.),plan (architecture)
planificateur (n. m.),planner
planification (n. f.),planning
planificatrice (n. f.),planner
planifier,to plan
planter,to crash
plastique (n. m.),plastic
pleuvoir,to rain
pluie (n. f.),rain
pluie verglaçante,freezing rain
plupart – la plupart (de),the majority (of)
plupart – la plupart (de),most (of)
plupart – la plupart du temps,most of the time
plus,plus (4 + 3 = 7)
plus – au plus tard …,by . . . at the latest
plus – au plus,at most
plus – de plus,extra
plus – de plus,in addition
plus – de plus,more
plus – de plus,moreover
plus - le plus tôt possible,as soon as possible
plus – pas plus de,no(t) more than
plus ... que,more . . . than
plus ou moins,more or less
plus tard,later
plus tôt,earlier
plus tôt que,earlier than
plus-que-parfait (n. m.),past perfect
plusieurs,several
plutôt,instead
plutôt,rather
pluvieux (adj. m.),rainy
poche - ordinateur de poche,palmtop computer
poignet (n. m.),wrist
point (n. m.),dot
point (n. m.),point
point - faire le point,to take stock
point de vue (n. m.),point of view
poli (adj. m.),polite
polie (adj. f.),polite
poliment,politely
politique (n. f.),policy
polyvalent (adj. m.),versatile
polyvalente (adj. f.),versatile
portable - ordinateur portable,laptop computer
posé,carried out
posée,carried out
poser une question,to ask a question
posséder,to own
possesseur (n. m.),owner
possessif – adjectif possessif,possessive adjective
possessif – pronom possessif,possessive pronoun
possession (n. f.),possession
possibilité (n. f.),possibility
possible (adj. m./f.),possible
possible - aussitôt que possible,as soon as possible
possible - le plus tôt possible,as soon as possible
poste (n. m.),position
poste (n. m.),occupation
postériorité (n. f.),posteriority
postuler,to apply for (a position)
potentiel (n. m.),potential
potentiel – avoir le potentiel,to have the potential
pouce (n. m.),thumb
poudrerie (n. f.),drifting snow
poudrerie (n. f.),blowing snow
pour,for
pour aller à,to get to
pour commencer,to begin
pour conclure,to conclude
pour conclure,in conclusion
pour continuer,to continue
pour en revenir à,to get back to
pour finir,to end
pour ma part,for my part
pour que,in order that
pour quel,for which
pour quelle,for which
pour rien,for nothing
pour terminer,to conclude
pourcent (n. m.),percent
pourcentage (n. m.),percentage
pourquoi,why
pourquoi (n. m.),reason
poursuivre – se poursuivre,to go on
pourtant,yet
pourvu que,let’s hope
pourvu que,so long as
pourvu que,provided that
pouvoir,to be able to
pouvoir,can
pouvoir – ça se peut (que),to be possible (that)
pouvoir – il se peut que,to be possible (that)
pratiquement,practically
précédent (adj. m.),previous
précédente (adj. f.),previous
précis (adj. m.),precise
précise (adj. f.),precise
précisément,precisely
préciser,to indicate (law)
préciser,to state (law)
précision (n. f.),precision
préférer,to prefer
premier (adj. m.),first
premier – dans un premier temps,first
premier – en premier lieu,first
premier – en premier lieu,in the first place
première (adj. f.),first
première – la première étape,the first step
premièrement,first(ly)
prendre,to take
prendre,to need
prendre de l’avance,to get ahead
prendre de l’avance,to get a head start
prendre du retard,to get behind schedule
prendre du retard,to fall behind
prendre une décision,to make a decision
prénom (n. m.),first name
préparer,to prepare
préposition (n. f.),preposition
près – à peu près,about
près de,close to
près de,nearly (hour)
présent (adj. m.),present
présent – conditionnel présent,present conditional
présent – subjonctif présent,present subjunctive
présent de l’indicatif,present indicative
présentable (adj. m./f.),presentable
présente (adj. f.),present
présentement,at present
présentement,presently
présenter – se présenter,to introduce oneself
présenter – se présenter,to report
presque,almost
presque jamais,almost never
prêt (adj. m.),ready
prête (adj. f.),ready
prétexte – sous prétexte de,on the pretext of
prétexte – sous prétexte que,on the pretext that
prévenu – être prévenu de,to be informed of
prévenu – être prévenu que,to be informed that
prévenue – être prévenue de,to be informed of
prévenue – être prévenue que,to be informed that
prévisibilité (n. f.),foreseeability
prévision (n. f.),forecast
prévisions météorologiques (n. f.),weather forecast
prévoir,to forecast
prévoir,to stipulate
prévoir,to make provisions for
prié – être prié de,to be asked to
priée – être priée de,to be asked to
prier de,to ask to
prier de,to beg to
prière de (écrit),please
principal (adj. m.),main
principale (adj. f.),main
principale – entrée principale,main entrance
principale – proposition principale,result clause
printemps (n. m.),spring
prioritaire (adj. m./f.),that has priority
priorité (n. f.),priority
pris,taken
prise,taken
prix (n. m.),price
probabilité (n. f.),probabilitty
probable (adj. m./f.),probable
procédure (n. f.),procedure
procédure (n. f.),proceedings
procès-verbal (n. m.),minutes
prochain (adj. m.),next
prochaine (adj. f.),next
prochaine – la prochaine étape,the next step
proche – futur proche,immediate future
procurer – se procurer,to get
procurer – se procurer,to obtain
productivité (n. f.),productivity
produire,to produce
produire – se produire,to happen
profession (n. f.),occupation
professionnel (adj. m.),professional
professionnelle (adj. f.),professional
profond (adj. m.),deep
profonde (adj. f.),deep
profondément,deeply
programme (n. m.),program
projet (n. m.),project
projet de loi (n. m.),bill
prolonger,to prolong
promettre (à),to promise
promettre (de),to promise
promoteur (n. m.),promoter
promotion (n. f.),promotion
promotrice (n. f.),promoter
promouvoir,to promote
pronom (n. m.),pronoun
pronom démonstratif,demonstrative pronoun
pronom neutre,neuter pronoun
pronom personnel,personal pronoun
pronom personnel objet direct,personal pronoun as direct object
pronom personnel objet indirect,personal pronoun as indirect object
pronom possessif,possessive pronoun
pronominal (adj. m.),reflexive
pronominal – verbe pronominal,reflexive verbe
pronominale (adj. f.),reflexive
prononcer,to pronounce
propos – à propos,by the way
proposer – se proposer de,to intend to
proposition (n. f.),proposition
proposition conditionnelle,if-clause
proposition nominale,noun phrase
proposition principale,result clause
propre (adj. m./f.),clean
propriétaire (n. m./f.),owner
propriété (n. f.),property
propriété (n. f.),ownership
protégé,protected
protégée,protected
provenance (n. f.),origin
provenance – en provenance de,from
provenir de,to come from
provoquer,to cause
public (adj. m.),public
publication (n. f.),publication
publique (adj. f.),public
puis,then
puis (pis) là,then
puisque,since
qualificatif – adjectifs qualificatifs,qualifying adjective
qualifié (adj. m.),skilled
qualifiée (adj. f.),skilled
qualité (n. f.),quality
quand,when
quand même,anyway
quant à,as for
quant à moi,as for me
quantification (n. f.),quantification
quantité (n. f.),amount
quantité (n. f.),quantity
quarantaine (n. f.),about forty
quarante,forty
quarante et un,forty one
quart (n. m.),quarter
quatorze,fourteen
quatre,four
quatre-vingt-dix,ninety
quatre-vingts,eighty
quatrième,fourth
que,what
que,that
que – alors que,while
que – bien que,although
que – ça fait que,that means that
que – ce que (avec antécédent),which
que – ce que (sans antécédent),what
que – de même que,along with
que – de sorte que,so that
que – disons que,let’s say that
que – est-ce que,is it that
que – étant donné que,given that
que – parce que,because
que – pendant que j'y pense,while I think of it
que – pendant que,while
que – pour que,in order that
que – pourvu que,let’s hope
que – pourvu que,so long as
que – pourvu que,provided that
que – rien que,only
que – si bien que,with the result that
que – tandis que,while
quel,which
quel,what
quel – à quel,at which
quel – dans quel,in which
quel – en quel,in which
quel - par quel,by which
quel - pour quel,for which
quelle,what
quelle – en quelle,in which
quelle - par quelle,by which
quelle - pour quelle,for which
quelle - dans quelle,in which
quelqu’un,someone
quelque chose,something
quelque chose – fermer les yeux (sur quelque chose),to turn a blind eye (to something)
quelque part,somewhere
quelque peu,somewhat
quelque peu,rather
quelquefois,sometimes
quelques,a few
quelques,some
quelques fois par …,a few time a . . .
quelques-uns,a few (of them)
quelques-uns,some (of them)
question – il est question de,it’s about
question – poser une question,to ask a question
question (n. f.),question
quêter,to beg for
quêteuse (n. f.),beggar
quêteux (n. m.),beggar
qui,who
qui,that
qui – ce qui (avec antécédant),which
qui – ce qui (sans antécédant),what
qui – ce qui fait que,which means that
quinquennal (adj. m.),five-year
quinquennale (adj. f.),five-year
quinze,fifteen
quoi,what
quoique,although
quotidien (adj. m.),daily
quotidienne (adj. f.),daily
raccourcir,to shorten
raide (adj. m./f.),stiff
raisonnable (adj. m./f.),reasonable
rajustement (n. m.),adjustment
rappeler (à),to remind
rapport (n. m.),report
rapport – par rapport à,in relation to
rarement,rarely
rationnel (adj. m.),rational
rationnelle (adj. f.),rational
réagir (à),to react
récemment,recently
réception (n. f.),reception
réception (n. f.),reception desk
recevoir,to receive
recherche (n. f.),research
recherche (n. f.),search
recherche - moteur de recherche,search engine
réclamation (n. f.),claim
réclamation (n. f.),demand
réclamer,claim
réclamer,demand
rectangulaire (adj. m./f.),rectangular
rectifier,to rectify
reçu (n. m.),receipt
rédiger,to write
réduire,to reduce
réédition (n. f.),new edition
refaire,to redo
référence (n. f.),reference
refus (n. m.),refusal
refuser (de),to refuse
règlement (n. m.),regulation
réglementation (n. f.),regulations
regret (n. m.),regret
régulier - verbe régulier,regular verb
régulièrement,regularly
réimpression (n. f.),reprint
rejoindre,to catch up (with)
rejoindre,to rejoin
relatif (adj. m.),relative
relative (adj. f.),relative
relié (adj. m.),related
reliée (adj. f.),related
remerciement (n. m.),thanks
remercier,to thank
remettre à plus tard,to postpone
remplir,to fill out
rendre – se rendre,to go to
rendre – se rendre,to get to
rendu – être rendu (à),to be at
rendue – être rendue (à),to be at
renfermer,to contain
renseignement (n. m.),information
renseigner,to inform
rentrer,to go into
réparer,to repair
répartir,to divide
répartir,to distribute
répartition (n. f.),distribution
répercussion (n. f.),repercussion
répéter,to repeat
répondre (à),to answer
répondu,answered
répondue,answered
reporter,to postpone
reprendre,to take back
requérant (n. m.),applicant
requérante (n. f.),applicant
requête (n. f.),request
requis (adj. m.),required
requise (adj. f.),required
réseau (n. m.),network
réservé (adj. m.),reserved
réservée (adj. f.),reserved
résidence (n. f.),residence
résidence – lieu de résidence,place of residence
résignation (n. f.),resignation
respecter,to respect
respecter les échéances,to meet deadlines
responsabilité (n. f.),responsibility
responsabilité – avoir la responsabilité de,to be responsible for
responsable (adj. m./f.),responsible
ressemblance (n. f.),resemblance
ressemblance (n. f.),alikeness
ressembler à,to be alike
ressembler à,to look like
ressource - personne-ressource,resource person
ressources humaines (n. f.),human resources
restaurant (n. m.),restaurant
reste (n. m.),rest
rester,to stay
rester (il (me) reste),to have . . . left
restreindre,to restrict
restreint (adj. m.),restricted
restreinte (adj. f.),restricted
restreinte – diffusion restreinte,restricted
restriction (n. f.),restriction
résultat (n. m.),outcome
résultat (n. m.),result
résulter de,to result from
résulter de,to be the result of
retard – être en retard,to be late
retard – prendre du retard,to get behind schedule
retard – prendre du retard,to fall behind
retardé – être retardé,to be delayed
retardée – être retardée,to be delayed
retarder,to delay
retenir,to keep (for a job)
retirer,to withdrawal
retirer,to gain
retourner (à),to go back
retrait (n. m.),withdrawal
réunion (n. f.),meeting
réunir,to gather
réussir,to succeed
réussir à,to succeed in
réussite (n. f.),success
revendication (n. f.),claim
revendication (n. f.),demand
revendiquer,to claim
revendiquer,to demand
revenir – pour en revenir à,to get back to
revenir (à),to come back
revenir (à),to return
révision (n. f.),revision
rez-de-chaussée (n. m.),ground floor
rien – pour rien,for nothing
rien ne,nothing
rien que,only
rigide (adj. m./f.),rigid
rôle (n. m.),role
rond (adj. m.),round
ronde (adj. f.),round
rouge (adj. m./f.),red
rougir,to blush
rousse (adj. f),red-haired
rousselé (adj. m.),freckled
rousselée (adj. f.),freckled
roux (adj. m.),red-haired
rue (n. f.),street
rythme (n. m.),rhythm
s’absenter,to go out
s’absenter,to be absent
s’abstenir (de),to refrain
s’agir – il s'agit de,it’s about
s’agir – il s'agit de,it is a matter of
s’appeler,to be called
s’appliquer à,to apply to
s’attendre à (ce que),to expect (that)
s’en aller,to go (away)
s’en aller,to leave
s’en tenir à,to restrict oneself to
s’en venir,to be coming
s’engager à,to undertake
s’ennuager,to cloud over
s’excuser,to apologize
s’identifier,to identify oneself
s’il vous plaît,please
s’informer (de),to inquire (about)
s’informer (de),to find out (about)
s’informer (de),to inform oneself (about)
s’inscrire (à),to register (for)
s’occuper de,to take care of
s’opposer à,to oppose
sa,her
sa,his
sa,its
sage (adj. m./f.),wise
saison (n. f.),season
sale (adj. m./f.),dirty
salle (n. f.),room
salle d’attente (n. f.),waiting room
salle de conférences (n. f.),conference room
salle de courrier (n. f.),mail room
salon (n. m.),living room
samedi (n. m.),Saturday
sans,without
sans que,without
satisfaction (n. f.),satisfaction
satisfaire (à),to satisfy
satisfaisant (adj. m.),satisfactory
satisfaisante (adj. f.),satisfactory
sauf,except
sauvegarde (n. f.),backup
sauvegarder,to save
savoir,to know
scanneur (n. m.),scanner
schéma (n. m.),diagram
se conformer à,to comply with
se demander,to wonder
se dérouler,to take place
se dérouler,to go off
se fier à,to rely on
se fixer des échéances,to etablish deadlines
se laisser dire,to hear
se limiter à,to keep to
se méfier de,to mistrust
se passer,to happen
se poursuivre,to go on
se pouvoir – ça se peut (que),to be possible (that)
se pouvoir – il se peut que,to be possible (that)
se présenter,to report
se présenter,to introduce oneself
se procurer,to get
se procurer,to obtain
se produire,to happen
se proposer de,to intend to
se rendre à,to go to
se rendre à,to get to
se servir de,to use
se situer,to be situated
se souvenir de,to remember
se tenir,to be held
se tenir au courant (de),to keep up to date on
se terminer,to end
se tromper,to make a mistake
se trouver,to be located
sec (adj. m.),dry
sèche (adj. f.),dry
second (adj. m.),second
seconde (adj. f.),second
secret (n. m.),secret
secrétariat (n. m.),secretariat
section (n. f.),section
section (n. f.),division (loi)
sein – au sein de,within
seize,sixteen
sélection (n. f.),selection
sélectionner,to select
selon,according to
selon moi,if you ask me
semaine (n. f.),week
semblable (adj. m./f.),alike
sembler,to seem
semi-auxiliaire (n. m.),semi-auxiliary
sens (n. m.),sense
sens (n. m.),meaning
sentiment (n. m.),feeling
sept,seven
septembre (n. m.),September
sérieuse (adj. f.),serious
sérieux (adj. m.),serious
serviable (adj. m./f.),helpful
service de dépannage (n. m.),help desk
servir – se servir de,to use
servir à,to be used for
ses,his
ses,her
ses,its
seul (adj. m.),only
seule (adj. f.),only
seulement,only
seulement – non seulement,not only
si,whether
si,if
si – même si,even if
si bien que,with the result that
sien – le sien,hers
sien – le sien,his
sien – le sien,its
sienne – la sienne,hers
sienne – la sienne,his
sienne – la sienne,its
siennes – les siennes,hers
siennes – les siennes,his
siennes – les siennes,its
siens – les siens,his
siens – les siens,hers
siens – les siens,its
sigle (n. m.),initialism
signer,to sign
signet (n. m.),bookmark
signifier,to mean
silence (n. m.),silence
similaire (adj. m./f.),similar
similitude (n. f.),similarity
simple (adj. m./f.),simple
simple - futur simple,future
simplement,simply
simplifier,to simplify
simultanéité (n. f.),simultaneity
situer – se situer,to be situated
six,six
sixième,sixth
social (adj. m.),social
sociale (adj. f.),social
soins – aux soins de,care of
soir (n. m.),night
soirée (n. f.),evening
soit … soit,either . . . or
soixantaine (n. f.),about sixty
soixante,sixty
soixante et un,sixty one
soixante-dix,seventy
soleil (n. m.),sun
soleil – faire soleil,to be sunny
sollicitation (n. f.),request
solliciter,to solicit
solliciter,to ask for
sombre (adj. m./f.),dark
son,his
son,her
son,its
songer à,to think of
sorte – de sorte que,so that
sorti – être sorti,to be out
sorti – être sorti,to be gone
sortie (n. f.),exit
sortie – être sortie,to be out
sortie – être sortie,to be gone
sortir,to get out
sortir de,to come out of
souhait (n. m.),wish
souhaitable (adj. m./f.),desirable
souhaiter,to hope
souhaiter,to wish to
soulagement (n. m.),relief
souligner,to underline
souple (adj. m./f.),flexible
source (n. f.),source
souris (n. f.),mouse
souris - tapis de souris,mouse pad
sous,under
sous prétexte de,on the pretext of
sous prétexte que,on the pretext that
sous-sol (n. m.),basement
soustraire,to subtract
souvenir – se souvenir de,to remember
souvent,often
spécifier,to specify
stationnement (n. m.),parking
stationnement – terrain de stationnement,parking lot
stipuler,to stipulate
stratégie (n. f.),strategy
stressé (adj. m.),stressed
stressée (adj. f.),stressed
style direct,direct speech
style indirect,indirect speech
su,known
subjonctif (n. m.),subjunctive
subjonctif passé,past subjunctive
subjonctif présent,present subjunctive
succès (n. m.),success
sud (n. m.),south
suffisamment,sufficiently
suffisant (adj. m.),sufficient
suffisante (adj. f.),sufficient
suffixe (n. m.),suffix
suggestion (n. f.),suggestion
suite – à la suite,following
suite - tout de suite,right away
suivant (adj. m.),next
suivante (adj. f.),next
suivante – l'étape suivante,the following step
suivi (adj. m.),followed
suivie (adj. f.),followed
suivre,to follow
sujet (n. m.),subject
superficie (n. f.),area
supérieur (adj. m.),superior
supérieure (adj. f.),superior
superlatif (n. m.),superlative
supposition (n. f.),supposition
supprimer,to delete
sur,on
sûr – être sûr de,"to be sure (of, to)"
sûr – être sûr que,to be sure that
sur ce,on that note
sur demande,on request
sûre – être sûre de,"to be sure (of, to)"
sûre – être sûre que,to be sure that
surface (n. f.),surface area
surprise (n. f.),surprise
survenir,to happen
svelte (adj. m./f.),slender
syllabation (n. f.),syllabication
sympathique (adj. m./f.),nice
synthétique (adj. m./f.),synthetic
ta,your
tableau (n. m.),chart
tableur (n. m.),spreadsheet (program)
tâche (n. f.),task
taille (n. f.),waist
talent (n. m.),talent
talent – avoir du talent,to have talent
talon (n. m.),heel
tandis que,whereas
tandis que,while
tapant (adj. m.),on the dot (hour)
taper,to type
tapis de souris (n. m.),mouse pad
tard – au plus tard,by … at the latest
tard – plus tard,later
technique (n. f.),technique
télécharger,to download
téléphone – numéro de téléphone,telephone number
téléphone (n. m.),telephone
téléphoner (à),to telephone
tellement (+ adj.),so (+ adj.)
tellement de (+ nom) que,so much (+ noun) that
tempête (n. f.),storm
tempête de neige (n. f.),snowstorm
temps (n. m.),weather
temps (n. m.),time
temps (n. m.),tense
temps – à temps,in time
temps – avoir le temps,to have time
temps – concordance des temps,sequence of tenses
temps – dans ce temps-là,in those days
temps – dans le temps,in the old days
temps – dans un premier temps,first
temps – de temps en temps,from time to time
temps – en ce temps-là,in those days
temps – en même temps,at the same time
temps – entre-temps,"in the meantime, meanwhile"
temps – la plupart du temps,most of the time
temps – perte de temps,waste of time
tendu (adj. m.),tense
tendue (adj. f.),tense
tenir,to hold
tenir – s'en tenir à,to restrict oneself to
tenir – se tenir au courant (de),to keep up to date on
tenir – se tenir,to be held
tenir à,to want very much
tenir à,to insist on
tenir à,to be determined to
tenu,held
tenu – être tenu de,to be required to
tenue,held
tenue – être tenue de,to be required to
terme (n. m.),term
terminer,to complete
terminer – pour terminer,to conclude
terminer – se terminer,to end
terrain (n. m.),lot
terrain de stationnement (n. m.),parking lot
tes,your
texte (n. m.),text
texte - traitement de texte,word processing
théâtre (n. m.),theatre
thème (n. m.),theme
tien – le tien,yours
tienne – la tienne,yours
tiennes – les tiennes,yours
tiens – les tiens,yours
tierce (adj. f.),third
tiers (adj. m.),third
titre (n. m.),title
toi,you
toilette (n. f.),washroom
toilette des femmes (n. f.),ladies’ washroom
toilette des hommes (n. f.),men’s washroom
tolérance (n. f.),tolerance
tolérant (adj. m.),tolerant
tolérante (adj. f.),tolerant
toléré (adj. m.),tolerated
tolérée (adj. f.),tolerated
tolérer,to tolerate
tombé,fallen
tombée,fallen
tomber,to fall
ton,your
tôt,early
tôt - le plus tôt possible,as soon as possible
tôt – plus tôt que,earlier
tôt – plus tôt,earlier
total – au total,in all
totalité (n. f.),all
totalité (n. f.),everything
touche (n. f.),key
toucher,to receive (salary)
toujours,still
toujours,always
tour (n. f.),tower
tourner,to turn
tourner autour de,is around
tous,"everything, all"
tous les ...,every . . .
tous les …,all of the
tout,all
tout,everything
tout (n. m.),the whole thing
tout – à tout moment,constantly
tout – à tout moment,all the time
tout – pas du tout,not at all
tout de suite,right away
tout droit,straight ahead
tout le …,the whole . . .
toute la …,the whole . . .
toutefois,however
toutes les …,all of the
traduction (n. f.),translation
traduire,to translate
train – être en train de,ing form
trait d’union (n. m.),hyphen
traitement (n. m.),processing
traitement de données,data processing
traitement de texte (n. m.),word processing
traiter,to process
trajet (n. m.),route
tranche (n. f.),section
transcrire,to transcribe
transférer,to transfer
transmettre à,to transmit
travail (n. m.),work
travail – lieu de travail,work location
travailler,to work
travailler à,to work in
travailler dans,to work in
travailler pour,to work for
travailleur (n. m.),hard-working
travailleuse (n. f.),hard-working
traverser,to cross
treize,thirteen
tréma (n. m.),diaeresis
trentaine (n. f),about thirty
trente,thirty
trente et un,thirty one
très,very
triangulaire (adj. m./f.),triangular
triennal (adj. m.),three-year
triennale (adj. f.),three-year
trois,three
troisième,third
troisième – en troisième lieu,third
troisièmement,third(ly)
tromper – se tromper,to make a mistake
trop,too much
trop … pour (que),too (much) . . . for
trouver – se trouver,to be located
trouver (que),to find (that)
truc (n. m.),trick
truc (n. m.),way
tu,you
tutoiement (n. m.),use of the familiar «tu»
un,one
un,a
un maximum de,a maximum of
un minimum de,a minimum of
un peu,a little
un peu de,a little
une,a
uniforme (adj. m./f.),uniform
uniformément,uniformly
union – trait d'union,hyphen
unité (n. f.),unit
unité administrative,administrative unit
usagé (adj. m.),used
usage (n. m.),use
usagée (adj. f.),used
usé (adj. m.),worn out
usée (adj. f.),worn out
utile (adj. m./f.),useful
utilisé (adj. m. ),used
utilisée (adj. f. ),used
utilité (n. f.),usefulness
vaincre,to overcome
valable (adj. m./f.),worthwhile
valeur (n. f.),value
valeur – la mise en valeur,enhancement
valoir,to be worth
valoir la peine,to be worth the trouble
valoir mieux,to be better
veille (n. f.),the night or day before
veille - écran de veille,screensaver
veilleuse - mettre en veilleuse,to put on the back burner
vendredi (n. m.),Friday
venir,to come
venir – s'en venir,to be coming
venir chercher,to come and get
venir de,to be from
venir de,to come from
vent (n. m.),wind
venter,to be windy
venteux (adj. m.),windy
venu,come
venue,come
verbe (n. m.),verb
verbe irrégulier,irregular verb
verbe pronominal,reflexive verb
verbe régulier,regular verb
verglaçante – pluie verglaçante,freezing rain
verglas (n. m.),clear ice
vérificateur (n. m.),auditor
vérification (n. f.),auditing
vérification (n. f.),verification
vérificatrice (n. f.),auditor
vérifier,to check
vérifier,to verify
vérifier,to audit
vers,towards
vers,around
version (n. f.),version
vert (adj. m.),green
verte (adj. f.),green
vie (n. f.),life
vieille (adj. f.),old
vieux (adj. m.),old
vif (adj. m.),bright
vigueur (n. f.),vigour
vigueur - entrer en vigueur,to come into force
vigueur - mettre en vigueur,to enforce
ville (n. f.),city
ville – hôtel de ville,city hall
vingt,twenty
vingt et un,twenty one
vingtaine (n. f.),about twenty
virer,to turn
virgule (n. f.),comma
viser à,to aim to
vitesse (n. f.),speed
vive (adj. f.),bright
voici,here’s
voir,to see
volonté (n. f.),will
volontiers,gladly
volume (n. m.),volume
volume (n. m.) (x3),volume (x3)
vos,your
votre,your
vôtre – la vôtre,yours
vôtre – le vôtre,yours
vôtres – les vôtres,yours
vouloir,to want
vouloir dire,to mean
voulu,wanted
voulue,wanted
vous,you
vouvoiement (n. m.),use of the polite «vous»
voyager,to travel
voyelle (n. f.),vowel
vrai,TRUE
vrai – c’est vrai?,really?
vraiment,really
vu,given
vu,seen
vu que,seeing that
vue,seen
vue (n. f.),view
vue – en vue de,to
vue – en vue de,with the intention of
vue – en vue de,with a view to
vue – en vue de,in order to
vue – point de vue,point of view
y,there
y – il y a,"there is, are"
y – il y a,ago
y avoir moyen de,to be a way of
y avoir moyen que,to be a way that
y compris,including
yeux – fermer les yeux (sur quelque chose),to turn a blind eye (to something)
zéro,zero